{
"lengthUnit": "mil",
"components": {
	"fields": ["COMPONENT_NO", "COMPONENT_NAME", "LAYER", "X_COORDINATE", "Y_COORDINATE", "ANGLE"],
	"rows": [
		[1, "C7", "T", 491.34, 439.37, 90],
		[2, "C9", "T", 625, 320.55, 0],
		[3, "C12", "T", 415.75, 408.66, 90],
		[4, "C13", "T", 366.14, 545.67, 270],
		[5, "H5", "T", 491.34, 54.33, 180],
		[6, "LED2", "T", 687.4, 682.68, 180],
		[7, "PS0/1", "T", 601.31, 366.31, 0],
		[8, "R95", "T", 531.54, 681.26, 180],
		[9, "R96", "T", 779.53, 262.2, 0],
		[10, "R97", "T", 870, 580, 270],
		[11, "R98", "T", 869.29, 415.75, 270],
		[12, "R101", "T", 403.94, 243.31, 0],
		[13, "R102", "T", 86.54, 540, 270],
		[14, "R103", "T", 86.54, 395, 270],
		[15, "TP72", "T", 136.68, 495.3, 0],
		[16, "TP73", "T", 204.59, 568.96, 0],
		[17, "TP74", "T", 358.9, 347.2, 0],
		[18, "U21", "T", 690, 470, 270],
		[19, "U22", "T", 240, 455, 270]
	]
},
"pins": {
	"fields": ["PIN_NO", "PIN_NAME", "PIN_X", "PIN_Y", "LAYER", "PIN_TYPE", "NET_NAME", "NET_TYPE", "PAD_SHAPE", "PAD_SIZEX", "PAD_SIZEY", "HOLE_SIZE", "PAD_ANGLE"],
	"rows": [
		[1, "C7_1", 491.34, 411.81, "T", "SMD", "GND", "GND", "R", 31.5, 35.43, 0, 90],
		[2, "C7_2", 491.34, 474.8, "T", "SMD", "VDDIO", "", "R", 31.5, 35.43, 0, 90],
		[3, "C9_1", 593.5, 320.56, "T", "SMD", "GND", "GND", "R", 31.5, 35.43, 0, 180],
		[4, "C9_2", 660.43, 320.56, "T", "SMD", "$1N1002", "", "R", 31.5, 35.43, 0, 180],
		[5, "C12_1", 415.74, 377.16, "T", "SMD", "GND", "GND", "R", 31.5, 35.43, 0, 270],
		[6, "C12_2", 415.74, 444.09, "T", "SMD", "VDDIO", "", "R", 31.5, 35.43, 0, 270],
		[7, "C13_1", 366.15, 577.17, "T", "SMD", "GND", "GND", "R", 31.5, 35.43, 0, 90],
		[8, "C13_2", 366.15, 510.24, "T", "SMD", "+5V", "", "R", 31.5, 35.43, 0, 90],
		[9, "H5_1", 891.34, 54.33, "T", "DIP", "SDI/SDA", "", "R", 66.93, 62, 43.31, 180],
		[10, "H5_1", 891.34, 54.33, "B", "DIP", "SDI/SDA", "", "R", 66.93, 62, 43.31, 180],
		[11, "H5_2", 791.34, 54.33, "T", "DIP", "SCK/SCL", "", "C", 66.93, 66.93, 43.31, 180],
		[12, "H5_2", 791.34, 54.33, "B", "DIP", "SCK/SCL", "", "C", 66.93, 66.93, 43.31, 180],
		[13, "H5_3", 691.34, 54.33, "T", "DIP", "I2C_ADRESS_SELECT", "", "C", 66.93, 66.93, 43.31, 180],
		[14, "H5_3", 691.34, 54.33, "B", "DIP", "I2C_ADRESS_SELECT", "", "C", 66.93, 66.93, 43.31, 180],
		[15, "H5_4", 591.34, 54.33, "T", "DIP", "INT", "", "C", 66.93, 66.93, 43.31, 180],
		[16, "H5_4", 591.34, 54.33, "B", "DIP", "INT", "", "C", 66.93, 66.93, 43.31, 180],
		[17, "H5_5", 491.34, 54.33, "T", "DIP", "GPIO6", "", "C", 66.93, 66.93, 43.31, 180],
		[18, "H5_5", 491.34, 54.33, "B", "DIP", "GPIO6", "", "C", 66.93, 66.93, 43.31, 180],
		[19, "H5_6", 391.34, 54.33, "T", "DIP", "H5_6", "", "C", 66.93, 66.93, 43.31, 180],
		[20, "H5_6", 391.34, 54.33, "B", "DIP", "H5_6", "", "C", 66.93, 66.93, 43.31, 180],
		[21, "H5_7", 291.34, 54.33, "T", "DIP", "BOOT", "", "C", 66.93, 66.93, 43.31, 180],
		[22, "H5_7", 291.34, 54.33, "B", "DIP", "BOOT", "", "C", 66.93, 66.93, 43.31, 180],
		[23, "H5_8", 191.34, 54.33, "T", "DIP", "GND", "GND", "C", 66.93, 66.93, 43.31, 180],
		[24, "H5_8", 191.34, 54.33, "B", "DIP", "GND", "GND", "C", 66.93, 66.93, 43.31, 180],
		[25, "H5_9", 91.34, 54.33, "T", "DIP", "+5V", "", "C", 66.93, 66.93, 43.31, 180],
		[26, "H5_9", 91.34, 54.33, "B", "DIP", "+5V", "", "C", 66.93, 66.93, 43.31, 180],
		[27, "LED2_1", 713.01, 682.81, "T", "SMD", "GND", "GND", "R", 31.5, 23.62, 0, 270],
		[28, "LED2_2", 655.92, 682.54, "T", "SMD", "$1N2238", "", "R", 31.5, 23.62, 0, 270],
		[29, "PS0/1_1", 601.31, 366.31, "T", "SMD", "GND", "GND", "C", 19.68, 19.68, 0, 0],
		[30, "R95_1", 561.2, 681.26, "T", "SMD", "$1N2238", "", "R", 43.31, 49.21, 0, 180],
		[31, "R95_2", 492.3, 681.26, "T", "SMD", "VDDIO", "", "R", 43.31, 49.21, 0, 180],
		[32, "R96_1", 740.16, 262.2, "T", "SMD", "GPIO6", "", "R", 53.15, 54.21, 0, 0],
		[33, "R96_2", 824.8, 262.2, "T", "SMD", "VDDIO", "", "R", 53.15, 54.21, 0, 0],
		[34, "R97_1", 870, 619.37, "T", "SMD", "VDDIO", "", "R", 53.15, 54.21, 0, 270],
		[35, "R97_2", 870, 534.72, "T", "SMD", "SDI/SDA", "", "R", 53.15, 54.21, 0, 270],
		[36, "R98_1", 869.29, 455.12, "T", "SMD", "SCK/SCL", "", "R", 53.15, 54.21, 0, 270],
		[37, "R98_2", 869.29, 370.47, "T", "SMD", "VDDIO", "", "R", 53.15, 54.21, 0, 270],
		[38, "R101_1", 364.57, 243.31, "T", "SMD", "VDDIO", "", "R", 53.15, 54.21, 0, 0],
		[39, "R101_2", 449.21, 243.31, "T", "SMD", "BOOT", "", "R", 53.15, 54.21, 0, 0],
		[40, "R102_1", 86.54, 569.66, "T", "SMD", "+5V", "", "R", 31.75, 34.02, 0, 270],
		[41, "R102_2", 86.54, 510.34, "T", "SMD", "EN3V3", "", "R", 31.75, 34.02, 0, 270],
		[42, "R103_1", 86.54, 424.66, "T", "SMD", "EN3V3", "", "R", 31.75, 34.02, 0, 270],
		[43, "R103_2", 86.54, 365.34, "T", "SMD", "GND", "GND", "R", 31.75, 34.02, 0, 270],
		[44, "TP72_1", 136.68, 495.3, "T", "SMD", "EN3V3", "", "C", 19.68, 19.68, 0, 0],
		[45, "TP73_1", 204.59, 568.96, "T", "SMD", "+5V", "", "C", 19.68, 19.68, 0, 0],
		[46, "TP74_1", 358.9, 347.2, "T", "SMD", "VDDIO", "", "C", 19.68, 19.68, 0, 0],
		[47, "U21_1", 601.42, 531.53, "T", "SMD", "U21_1", "", "R", 9.84, 19.68, 0, 0],
		[48, "U21_2", 601.42, 499.52, "T", "SMD", "GND", "GND", "R", 9.84, 19.68, 0, 90],
		[49, "U21_3", 601.42, 479.84, "T", "SMD", "VDDIO", "", "R", 9.84, 19.68, 0, 90],
		[50, "U21_4", 601.42, 460.15, "T", "SMD", "BOOT", "", "R", 9.84, 19.68, 0, 90],
		[51, "U21_5", 601.42, 440.48, "T", "SMD", "GND", "GND", "R", 9.84, 19.68, 0, 90],
		[52, "U21_6", 601.41, 408.47, "T", "SMD", "GND", "GND", "R", 9.84, 19.68, 0, 180],
		[53, "U21_7", 621.11, 408.46, "T", "SMD", "U21_7", "", "R", 9.84, 19.68, 0, 180],
		[54, "U21_8", 640.79, 408.46, "T", "SMD", "U21_8", "", "R", 9.84, 19.68, 0, 180],
		[55, "U21_9", 660.48, 408.46, "T", "SMD", "$1N1002", "", "R", 9.84, 19.68, 0, 180],
		[56, "U21_10", 680.16, 408.46, "T", "SMD", "U21_10", "", "R", 9.84, 19.68, 0, 180],
		[57, "U21_11", 699.85, 408.46, "T", "SMD", "GPIO6", "", "R", 9.84, 19.68, 0, 180],
		[58, "U21_12", 719.54, 408.46, "T", "SMD", "U21_12", "", "R", 9.84, 19.68, 0, 180],
		[59, "U21_13", 739.21, 408.46, "T", "SMD", "U21_13", "", "R", 9.84, 19.68, 0, 180],
		[60, "U21_14", 758.9, 408.46, "T", "SMD", "INT", "", "R", 9.84, 19.68, 0, 180],
		[61, "U21_15", 778.58, 408.46, "T", "SMD", "GND", "GND", "R", 9.84, 19.68, 0, 180],
		[62, "U21_16", 778.58, 440.48, "T", "SMD", "GND", "GND", "R", 9.84, 19.68, 0, 270],
		[63, "U21_17", 778.58, 460.17, "T", "SMD", "I2C_ADRESS_SELECT", "", "R", 9.84, 19.68, 0, 270],
		[64, "U21_18", 778.58, 479.84, "T", "SMD", "GND", "GND", "R", 9.84, 19.68, 0, 270],
		[65, "U21_19", 778.58, 499.53, "T", "SMD", "SCK/SCL", "", "R", 9.84, 19.68, 0, 270],
		[66, "U21_20", 778.59, 531.53, "T", "SMD", "SDI/SDA", "", "R", 9.84, 19.68, 0, 0],
		[67, "U21_21", 758.9, 531.53, "T", "SMD", "U21_21", "", "R", 9.84, 19.68, 0, 0],
		[68, "U21_22", 739.21, 531.53, "T", "SMD", "U21_22", "", "R", 9.84, 19.68, 0, 0],
		[69, "U21_23", 719.54, 531.53, "T", "SMD", "U21_23", "", "R", 9.84, 19.68, 0, 0],
		[70, "U21_24", 699.85, 531.53, "T", "SMD", "U21_24", "", "R", 9.84, 19.68, 0, 0],
		[71, "U21_25", 680.17, 531.53, "T", "SMD", "GND", "GND", "R", 9.84, 19.68, 0, 0],
		[72, "U21_26", 660.48, 531.53, "T", "SMD", "U21_26", "", "R", 9.84, 19.68, 0, 0],
		[73, "U21_27", 640.79, 531.53, "T", "SMD", "U21_27", "", "R", 9.84, 19.68, 0, 0],
		[74, "U21_28", 621.1, 531.53, "T", "SMD", "VDDIO", "", "R", 9.84, 19.68, 0, 0],
		[75, "U22_1", 181.9, 494.4, "T", "SMD", "EN3V3", "", "R", 17.72, 27.6, 0, 270],
		[76, "U22_2", 181.9, 455, "T", "SMD", "GND", "GND", "R", 17.72, 27.6, 0, 270],
		[77, "U22_3", 181.9, 415.6, "T", "SMD", "U22_3", "", "R", 17.72, 27.6, 0, 270],
		[78, "U22_4", 298.1, 415.6, "T", "SMD", "VDDIO", "", "R", 17.72, 27.6, 0, 270],
		[79, "U22_5", 298.1, 455, "T", "SMD", "VDDIO", "", "R", 17.72, 27.6, 0, 270],
		[80, "U22_6", 298.1, 494.4, "T", "SMD", "+5V", "", "R", 17.72, 27.6, 0, 270],
		[81, "U22_7", 239, 455, "T", "SMD", "GND", "GND", "R", 94.49, 62.99, 0, 270]
	]
}
}